Parti;Forkortelse;ID;Farve;Valg;Stemmetal;Pct. af stemmer;Mandater;Mandatprocent;Regeringsparti;Statsministerparti;Partileder;Note
Socialdemokratiet;S;1;#cf1b42;03-04-1901;38.398;17,10%;14;12,39%;FALSK;FALSK;Peter Knudsen;
Venstrereformpartiet;VR;6;#1f4e79;03-04-1901;96.171;42,84%;75;66,37%;SAND;SAND;J.C. Christensen;
Moderate Venstre;MV;5;#127b7f;03-04-1901;23.753;10,58%;16;14,16%;FALSK;FALSK;Klaus Berntsen, Niels Neergaard;
Hřjre;H;3;#4c962f;03-04-1901;51.588;22,98%;8;7,08%;FALSK;FALSK;Emil Piper;
Nej-Stemmer;Nej;100;#000000;03-04-1901;8.268;3,68%;;;;;;
Uden for partierne;Uden;99;#a5a5a5;03-04-1901;6.333;2,82%;0;0,00%;FALSK;FALSK;;
Socialdemokratiet;S;1;#cf1b42;16-06-1903;48.046;20,47%;16;14,16%;FALSK;FALSK;Peter Knudsen;
Venstrereformpartiet;VR;6;#1f4e79;16-06-1903;112.034;47,74%;72;63,72%;SAND;SAND;J.C. Christensen;
Moderate Venstre;MV;5;#127b7f;16-06-1903;17.167;7,32%;12;10,62%;FALSK;FALSK;Klaus Berntsen, Niels Neergaard;
Hřjre og de Frikonservative;H & FK;3;#4c962f;16-06-1903;47.286;20,15%;12;10,62%;FALSK;FALSK;Emil Piper;
Nej-Stemmer;Nej;100;#000000;16-06-1903;4.670;1,99%;;;;;;
Uden for partierne;Uden;99;#a5a5a5;16-06-1903;5.459;2,33%;1;0,88%;FALSK;FALSK;;
Socialdemokratiet;S;1;#cf1b42;29-04-1906;76.612;25,48%;24;21,24%;FALSK;FALSK;Peter Knudsen;
Det Radikale Venstre;RV;4;#7d329b;29-04-1906;38.398;12,77%;9;7,96%;FALSK;FALSK;Carl Theodor Zahle;
Venstrereformpartiet;VR;6;#1f4e79;29-04-1906;92.644;30,81%;55;48,67%;SAND;SAND;J.C. Christensen;
Moderate Venstre;MV;5;#127b7f;29-04-1906;20.487;6,81%;9;7,96%;FALSK;FALSK;Klaus Berntsen, Niels Neergaard;
Hřjre og de Frikonservative;H & FK;3;#4c962f;29-04-1906;63.335;21,06%;12;10,62%;FALSK;FALSK;;
Nej-Stemmer;Nej;100;#000000;29-04-1906;116;0,04%;;;;;;
Uden for partierne;Uden;99;#a5a5a5;29-04-1906;9.099;3,03%;4;3,54%;FALSK;FALSK;;
Socialdemokratiet;S;1;#cf1b42;25-05-1909;93.079;28,79%;24;21,24%;FALSK;FALSK;Peter Knudsen;
Det Radikale Venstre;RV;4;#7d329b;25-05-1909;50.305;15,56%;15;13,27%;FALSK;FALSK;Carl Theodor Zahle;
Venstrereformpartiet;VR;6;#1f4e79;25-05-1909;77.044;23,83%;36;31,86%;SAND;SAND;J.C. Christensen;Oprindeligt vandt reformvenstrepartiet stastministermagten, men mĺtte opgive den til fordel for en Radikale Venstre regering kort efter.
Moderate Venstre;MV;5;#127b7f;25-05-1909;19.241;5,95%;11;9,73%;FALSK;FALSK;Klaus Berntsen, Niels Neergaard;
Hřjre og de Frikonservative;H & FK;3;#4c962f;25-05-1909;64.189;19,86%;21;18,58%;FALSK;FALSK;Emil Piper;
Nej-Stemmer;Nej;100;#000000;25-05-1909;976;0,30%;;;;;;
Uden for partierne;Uden;99;#a5a5a5;25-05-1909;18.423;5,70%;6;5,31%;FALSK;FALSK;;
Socialdemokratiet;S;1;#cf1b42;20-05-1910;98.718;28,43%;24;21,24%;FALSK;FALSK;Thorvald Stauning;
Det Radikale Venstre;RV;4;#7d329b;20-05-1910;64.884;18,69%;20;17,70%;FALSK;FALSK;Carl Theodor Zahle;
Venstre;V;2;#115eb0;20-05-1910;117.286;33,78%;56;49,56%;SAND;SAND;J.C. Christensen;
Hřjre;H;3;#4c962f;20-05-1910;64.904;18,69%;13;11,50%;FALSK;FALSK;Emil Piper;
Uden for partierne;Uden;99;#a5a5a5;20-05-1910;1.448;0,42%;0;0,00%;FALSK;FALSK;;
Socialdemokratiet;S;1;#cf1b42;20-05-1913;107.365;29,61%;32;28,32%;FALSK;FALSK;Thorvald Stauning;
Det Radikale Venstre;RV;4;#7d329b;20-05-1913;65.754;18,14%;30;26,55%;SAND;SAND;Carl Theodor Zahle;
Venstre;V;2;#115eb0;20-05-1913;103.251;28,48%;43;38,05%;FALSK;FALSK;J.C. Christensen;
Hřjre;H;3;#4c962f;20-05-1913;81.049;22,36%;7;6,19%;FALSK;FALSK;Emil Piper;
Uden for partierne;Uden;99;#a5a5a5;20-05-1913;5.121;1,41%;1;0,88%;FALSK;FALSK;;
Socialdemokratiet;S;1;#cf1b42;07-05-1915;1.134;7,97%;32;28,32%;FALSK;FALSK;Thorvald Stauning;
Det Radikale Venstre;RV;4;#7d329b;07-05-1915;677;4,76%;30;26,55%;SAND;SAND;Carl Theodor Zahle;Efter 1916 blev den rene radikale regering omdannet til en samlingsregering sammen med Venstre og Socialdemokratiet
Venstre;V;2;#115eb0;07-05-1915;8.081;56,78%;43;38,05%;FALSK;FALSK;J.C. Christensen;
Hřjre;H;3;#4c962f;07-05-1915;2.980;20,94%;8;7,08%;FALSK;FALSK;Emil Piper;
Nej-Stemmer;Nej;41;#000000;07-05-1915;1.360;9,56%;;;;;;
Socialdemokratiet;S;1;#cf1b42;22-04-1918;262.796;28,66%;39;28,06%;FALSK;FALSK;Thorvald Stauning;
Det Radikale Venstre;RV;4;#7d329b;22-04-1918;189.521;20,67%;31;22,30%;SAND;SAND;Carl Theodor Zahle;
Venstre;V;2;#115eb0;22-04-1918;269.646;29,41%;45;32,37%;FALSK;FALSK;J.C. Christensen;
Det Konservative Folkeparti;K;3;#4c962f;22-04-1918;167.743;18,29%;22;15,83%;FALSK;FALSK;Emil Piper;
Socialistisk Arbejderparti;SA;10;#ed5741;22-04-1918;1.410;0,15%;0;0,00%;FALSK;FALSK;Thřger Thřgersen;
Erhvervspartiet;EP;9;#7896d2;22-04-1918;11.934;1,30%;1;0,72%;FALSK;FALSK;Peter Elfelt;
Det Nye Hřjre;NH;7;#41835c;22-04-1918;4.764;0,52%;0;0,00%;FALSK;FALSK;Poul Jacobsen;
Det Uafhćngige Socialdemokrati;US;8;#e0b183;22-04-1918;1.086;0,12%;0;0,00%;FALSK;FALSK;V. Nicolaisen;
Vćlgerforeningen af 1918;VF;11;#000000;22-04-1918;4.407;0,48%;0;0,00%;FALSK;FALSK;Valdemar Harslřf;
Uden for partierne;Uden;99;#a5a5a5;22-04-1918;3.622;0,40%;1;0,72%;FALSK;FALSK;;
Socialdemokratiet;S;1;#cf1b42;16-04-1920;300.345;29,32%;42;30,22%;FALSK;FALSK;Thorvald Stauning;
Det Radikale Venstre;RV;4;#7d329b;16-04-1920;122.160;11,93%;17;12,23%;FALSK;FALSK;Carl Theodor Zahle;
Venstre;V;2;#115eb0;16-04-1920;350.563;34,23%;48;34,53%;SAND;SAND;J.C. Christensen;
Det Konservative Folkeparti;K;3;#4c962f;16-04-1920;201.499;19,67%;28;20,14%;FALSK;FALSK;Emil Piper;
Erhvervspartiet;EP;9;#7896d2;16-04-1920;29.464;2,88%;4;2,88%;FALSK;FALSK;Peter Elfelt;
Danmarks Venstresocialistiske Parti;DVP;13;#e6801a;16-04-1920;3.859;0,38%;0;0,00%;FALSK;FALSK;Ernst Christiansen;
Centrum;CE;12;#f49821;16-04-1920;9.056;0,88%;0;0,00%;FALSK;FALSK;L.V. Birck;
Det Frie Socialdemokrati;FS;14;#970647;16-04-1920;7.260;0,71%;0;0,00%;FALSK;FALSK;Emil Marott;
Socialdemokratiet;S;1;#cf1b42;06-07-1920;285.166;29,91%;42;30,22%;FALSK;FALSK;Thorvald Stauning;
Det Radikale Venstre;RV;4;#7d329b;06-07-1920;109.931;11,53%;16;11,51%;FALSK;FALSK;Carl Theodor Zahle;
Venstre;V;2;#115eb0;06-07-1920;344.351;36,11%;51;36,69%;SAND;SAND;J.C. Christensen;
Det Konservative Folkeparti;K;3;#4c962f;06-07-1920;180.293;18,91%;26;18,71%;FALSK;FALSK;Emil Piper;
Erhvervspartiet;EP;9;#7896d2;06-07-1920;25.627;2,69%;4;2,88%;FALSK;FALSK;Peter Elfelt;
Danmarks Venstresocialistiske Parti;DVP;13;#e6801a;06-07-1920;2.439;0,26%;0;0,00%;FALSK;FALSK;Ernst Christiansen;
Centrum;CE;12;#f49821;06-07-1920;2.931;0,31%;0;0,00%;FALSK;FALSK;L.V. Birck;
Det Frie Socialdemokrati;FS;14;#970647;06-07-1920;2.793;0,29%;0;0,00%;FALSK;FALSK;Emil Marott;
Socialdemokratiet;S;1;#cf1b42;21-09-1920;389.653;32,16%;48;32,43%;FALSK;FALSK;Thorvald Stauning;
Det Radikale Venstre;RV;4;#7d329b;21-09-1920;147.120;12,14%;18;12,16%;FALSK;FALSK;Carl Theodor Zahle;
Venstre;V;2;#115eb0;21-09-1920;411.661;33,97%;51;34,46%;SAND;SAND;J.C. Christensen;
Det Konservative Folkeparti;K;3;#4c962f;21-09-1920;216.733;17,89%;27;18,24%;FALSK;FALSK;Emil Piper;
Erhvervspartiet;EP;9;#7896d2;21-09-1920;27.403;2,26%;3;2,03%;FALSK;FALSK;Peter Elfelt;
Danmarks Venstresocialistiske Parti;DVP;13;#e6801a;21-09-1920;5.160;0,43%;0;0,00%;FALSK;FALSK;Ernst Christiansen;
Det Frie Socialdemokrati;FS;14;#970647;21-09-1920;6.460;0,53%;0;0,00%;FALSK;FALSK;Emil Marott;
Slesvigske Parti;SP;15;#e7bf23;21-09-1920;7.505;0,62%;1;0,68%;FALSK;FALSK;Johannes Schmidt-Vodder;
Socialdemokratiet;S;1;#cf1b42;11-04-1924;469.949;36,63%;55;37,16%;SAND;SAND;Thorvald Stauning;
Det Radikale Venstre;RV;4;#7d329b;11-04-1924;166.476;12,98%;20;13,51%;FALSK;FALSK;Carl Theodor Zahle;
Venstre;V;2;#115eb0;11-04-1924;362.682;28,27%;44;29,73%;FALSK;FALSK;Niels Neergaard;
Det Konservative Folkeparti;K;3;#4c962f;11-04-1924;242.955;18,94%;28;18,92%;FALSK;FALSK;Emil Piper;
Erhverspartiet;EP;9;#7896d2;11-04-1924;2.102;0,16%;0;0,00%;FALSK;FALSK;Peter Elfelt;
Danmarks Kommunistiske Parti;DKP;13;#e6801a;11-04-1924;6.219;0,48%;0;0,00%;FALSK;FALSK;Ernst Christiansen;
Slesvigske Parti;SP;15;#e7bf23;11-04-1924;7.715;0,60%;1;0,68%;FALSK;FALSK;Johannes Schmidt-Vodder;
Retsforbundet;RF;17;#b48cd2;11-04-1924;12.643;0,99%;0;0,00%;FALSK;FALSK;Axel Dam;
Landmandspartiet;LMP;16;#1f4e79;11-04-1924;12.196;0,95%;0;0,00%;FALSK;FALSK;P.C. Poulsen;
Socialdemokratiet;S;1;#cf1b42;02-12-1926;497.106;37,16%;53;35,81%;FALSK;FALSK;Thorvald Stauning;
Det Radikale Venstre;RV;4;#7d329b;02-12-1926;150.931;11,28%;16;10,81%;FALSK;FALSK;Carl Theodor Zahle;
Venstre;V;2;#115eb0;02-12-1926;378.137;28,27%;46;31,08%;SAND;SAND;Niels Neergaard;
Det Konservative Folkeparti;K;3;#4c962f;02-12-1926;275.793;20,62%;30;20,27%;FALSK;FALSK;Emil Piper;
Danmarks Kommunistiske Parti;DKP;13;#e6801a;02-12-1926;5.678;0,42%;0;0,00%;FALSK;FALSK;Ernst Christiansen;
Slesvigske Parti;SP;15;#e7bf23;02-12-1926;10.422;0,78%;1;0,68%;FALSK;FALSK;Johannes Schmidt-Vodder;
Retsforbundet;RF;17;#b48cd2;02-12-1926;17.463;1,31%;2;1,35%;FALSK;FALSK;Axel Dam;
Selvstyrepartiet;SEP;18;#b9703c;02-12-1926;2.117;0,16%;0;0,00%;FALSK;FALSK;Cornelius Petersen;
Socialdemokratiet;S;1;#cf1b42;04-04-1929;593.191;41,77%;61;41,22%;SAND;SAND;Thorvald Stauning;
Det Radikale Venstre;RV;4;#7d329b;04-04-1929;151.746;10,68%;16;10,81%;SAND;FALSK;Peter Munch;
Venstre;V;2;#115eb0;04-04-1929;402.121;28,31%;43;29,05%;FALSK;FALSK;Thomas Madsen-Mygdal;
Det Konservative Folkeparti;K;3;#4c962f;04-04-1929;233.935;16,47%;24;16,22%;FALSK;FALSK;Charles Tvede;
Danmarks Kommunistiske Parti;DKP;13;#e6801a;04-04-1929;3.656;0,26%;0;0,00%;FALSK;FALSK;Thřger Thřgersen;
Slesvigske Parti;SP;15;#e7bf23;04-04-1929;9.787;0,69%;1;0,68%;FALSK;FALSK;Johannes Schmidt-Vodder;
Retsforbundet;RF;17;#b48cd2;04-04-1929;25.810;1,82%;3;2,03%;FALSK;FALSK;Axel Dam;
Socialdemokratiet;S;1;#cf1b42;16-11-1932;660.839;42,72%;62;41,89%;SAND;SAND;Thorvald Stauning;
Det Radikale Venstre;RV;4;#7d329b;16-11-1932;145.221;9,39%;14;9,46%;SAND;FALSK;Peter Munch;
Venstre;V;2;#115eb0;16-11-1932;381.862;24,68%;38;25,68%;FALSK;FALSK;Thomas Madsen-Mygdal;
Det Konservative Folkeparti;K;3;#4c962f;16-11-1932;289.531;18,71%;27;18,24%;FALSK;FALSK;John Christmas Mřller;
Danmarks Kommunistiske Parti;DKP;13;#e6801a;16-11-1932;17.179;1,11%;2;1,35%;FALSK;FALSK;Aksel Larsen;
Slesvigske Parti;SP;15;#e7bf23;16-11-1932;9.868;0,64%;1;0,68%;FALSK;FALSK;Johannes Schmidt-Vodder;
Retsforbundet;RF;17;#b48cd2;16-11-1932;41.238;2,67%;4;2,70%;FALSK;FALSK;Axel Dam;
Danmarks Nationalsocialistiske Arbejderparti;DNSAP;19;#7d360c;16-11-1932;1.028;0,07%;0;0,00%;FALSK;FALSK;Cay Lembcke;
Uden for partierne;Uden;99;#a5a5a5;16-11-1932;316;0,02%;0;0,00%;FALSK;FALSK;;
Socialdemokratiet;S;1;#cf1b42;22-10-1935;759.102;46,11%;68;45,95%;SAND;SAND;Thorvald Stauning;
Det Radikale Venstre;RV;4;#7d329b;22-10-1935;151.507;9,20%;14;9,46%;SAND;FALSK;Peter Munch;
Venstre;V;2;#115eb0;22-10-1935;292.247;17,75%;28;18,92%;FALSK;FALSK;Thomas Madsen-Mygdal;
Det Konservative Folkeparti;K;3;#4c962f;22-10-1935;293.393;17,82%;26;17,57%;FALSK;FALSK;John Christmas Mřller;
Danmarks Kommunistiske Parti;DKP;13;#e6801a;22-10-1935;27.135;1,65%;2;1,35%;FALSK;FALSK;Aksel Larsen;
Slesvigske Parti;SP;15;#e7bf23;22-10-1935;12.617;0,77%;1;0,68%;FALSK;FALSK;Johannes Schmidt-Vodder;
Retsforbundet;RF;17;#b48cd2;22-10-1935;41.199;2,50%;4;2,70%;FALSK;FALSK;Axel Dam;
Danmarks Nationalsocialistiske Arbejderparti;DNSAP;19;#7d360c;22-10-1935;16.257;0,99%;0;0,00%;FALSK;FALSK;Frits Clausen;
Det Frie Folkeparti;FF;21;#517263;22-10-1935;52.793;3,21%;5;3,38%;FALSK;FALSK;Valdemar Thomsen;
Samfundspartiet;SAM;20;#cd8f65;22-10-1935;188;0,01%;0;0,00%;FALSK;FALSK;M.P. Jensen;
Socialdemokratiet;S;1;#cf1b42;03-04-1939;729.619;42,92%;64;43,24%;SAND;SAND;Thorvald Stauning;
Det Radikale Venstre;RV;4;#7d329b;03-04-1939;161.834;9,52%;14;9,46%;SAND;FALSK;Peter Munch;
Venstre;V;2;#115eb0;03-04-1939;309.355;18,20%;30;20,27%;FALSK;FALSK;Thomas Madsen-Mygdal;
Det Konservative Folkeparti;K;3;#4c962f;03-04-1939;301.625;17,74%;26;17,57%;FALSK;FALSK;John Christmas Mřller;
Danmarks Kommunistiske Parti;DKP;13;#e6801a;03-04-1939;40.893;2,41%;3;2,03%;FALSK;FALSK;Aksel Larsen;
Slesvigske Parti;SP;15;#e7bf23;03-04-1939;15.016;0,88%;1;0,68%;FALSK;FALSK;Jens Mřller;
Retsforbundet;RF;17;#b48cd2;03-04-1939;33.783;1,99%;3;2,03%;FALSK;FALSK;Viggo Starcke;
Danmarks Nationalsocialistiske Arbejderparti;DNSAP;19;#7d360c;03-04-1939;31.032;1,83%;3;2,03%;FALSK;FALSK;Frits Clausen;
Bondepartiet;BP;21;#517263;03-04-1939;50.829;2,99%;4;2,70%;FALSK;FALSK;Valdemar Thomsen;
Nationalt Samvirke;NS;22;#000000;03-04-1939;17.350;1,02%;0;0,00%;FALSK;FALSK;Victor Pürschel;
Dansk Samling;DS;23;#3fb2be;03-04-1939;8.553;0,50%;0;0,00%;FALSK;FALSK;Arne Sřrensen;
Socialdemokratiet;S;1;#cf1b42;23-03-1943;894.632;44,49%;66;44,59%;SAND;FALSK;Alsing Andersen;
Det Radikale Venstre;RV;4;#7d329b;23-03-1943;175.179;8,71%;13;8,78%;SAND;FALSK;Jřrgen Jřrgensen;
Venstre;V;2;#115eb0;23-03-1943;376.850;18,74%;28;18,92%;SAND;FALSK;Knud Kristensen;
Det Konservative Folkeparti;K;3;#4c962f;23-03-1943;421.523;20,96%;31;20,95%;SAND;FALSK;Ole Bjřrn Kraft;
Retsforbundet;RF;17;#b48cd2;23-03-1943;31.323;1,56%;2;1,35%;FALSK;FALSK;Oluf Pedersen;
Danmarks Nationalsocialistiske Arbejderparti;DNSAP;19;#7d360c;23-03-1943;43.309;2,15%;3;2,03%;FALSK;FALSK;Frits Clausen;
Bondepartiet;BP;21;#517263;23-03-1943;24.572;1,22%;2;1,35%;FALSK;FALSK;Valdemar Thomsen;
Dansk Samling;DS;23;#3fb2be;23-03-1943;43.367;2,16%;3;2,03%;FALSK;FALSK;Arne Sřrensen;
Uden for partierne;Uden;99;#a5a5a5;23-03-1943;28;0,00%;0;0,00%;SAND;SAND;;
Socialdemokratiet;S;1;#cf1b42;30-10-1945;671.755;32,78%;48;32,43%;FALSK;FALSK;Hans Hedtoft;
Det Radikale Venstre;RV;4;#7d329b;30-10-1945;167.073;8,15%;11;7,43%;FALSK;FALSK;Jřrgen Jřrgensen;
Venstre;V;2;#115eb0;30-10-1945;479.158;23,38%;38;25,68%;SAND;SAND;Knud Kristensen;
Det Konservative Folkeparti;K;3;#4c962f;30-10-1945;373.688;18,24%;26;17,57%;FALSK;FALSK;John Christmas Mřller;
Retsforbundet;RF;17;#b48cd2;30-10-1945;38.459;1,88%;3;2,03%;FALSK;FALSK;Oluf Pedersen;
Danmarks Kommunistiske Parti;DKP;13;#e6801a;30-10-1945;255.236;12,46%;18;12,16%;FALSK;FALSK;Aksel Larsen;
Dansk Samling;DS;23;#3fb2be;30-10-1945;63.760;3,11%;4;2,70%;FALSK;FALSK;Arne Sřrensen;
Uden for partierne;Uden;99;#a5a5a5;30-10-1945;55;0,00%;0;0,00%;FALSK;FALSK;;
Socialdemokratiet;S;1;#cf1b42;28-10-1947;834.089;40,02%;57;38,51%;SAND;SAND;Hans Hedtoft;
Det Radikale Venstre;RV;4;#7d329b;28-10-1947;144.206;6,92%;10;6,76%;FALSK;FALSK;Jřrgen Jřrgensen;
Venstre;V;2;#115eb0;28-10-1947;574.895;27,58%;49;33,11%;FALSK;FALSK;Knud Kristensen;
Det Konservative Folkeparti;K;3;#4c962f;28-10-1947;259.324;12,44%;17;11,49%;FALSK;FALSK;Ole Bjřrn Kraft;
Retsforbundet;RF;17;#b48cd2;28-10-1947;94.570;4,54%;6;4,05%;FALSK;FALSK;Oluf Pedersen;
Danmarks Kommunistiske Parti;DKP;13;#e6801a;28-10-1947;141.094;6,77%;9;6,08%;FALSK;FALSK;Aksel Larsen;
Dansk Samling;DS;23;#3fb2be;28-10-1947;24.724;1,19%;0;0,00%;FALSK;FALSK;Kristen Juul Christensen;
Uden for partierne;Uden;99;#a5a5a5;28-10-1947;11.239;0,54%;0;0,00%;FALSK;FALSK;;Opstillede kandidater inkluderede John Christmas Mřller og W. Reunter
Socialdemokratiet;S;1;#cf1b42;05-09-1950;813.224;39,59%;59;39,60%;SAND;SAND;Hans Hedtoft;Socialdemokratiet mĺtte allerde 40 dage efter valget afgive magten til fordel for en VK-regering.
Det Radikale Venstre;RV;4;#7d329b;05-09-1950;167.969;8,18%;12;8,05%;FALSK;FALSK;Jřrgen Jřrgensen;
Venstre;V;2;#115eb0;05-09-1950;438.188;21,33%;32;21,48%;FALSK;FALSK;Erik Eriksen;
Det Konservative Folkeparti;K;3;#4c962f;05-09-1950;365.236;17,78%;27;18,12%;FALSK;FALSK;Ole Bjřrn Kraft;
Retsforbundet;RF;17;#b48cd2;05-09-1950;168.784;8,22%;12;8,05%;FALSK;FALSK;Oluf Pedersen;
Danmarks Kommunistiske Parti;DKP;13;#e6801a;05-09-1950;94.523;4,60%;7;4,70%;FALSK;FALSK;Aksel Larsen;
Uden for partierne;Uden;99;#a5a5a5;05-09-1950;6.406;0,31%;0;0,00%;FALSK;FALSK;;
Socialdemokratiet;S;1;#cf1b42;21-04-1953;836.507;40,39%;61;40,94%;FALSK;FALSK;Hans Hedtoft;
Det Radikale Venstre;RV;4;#7d329b;21-04-1953;178.942;8,64%;13;8,72%;FALSK;FALSK;Jřrgen Jřrgensen;
Venstre;V;2;#115eb0;21-04-1953;456.896;22,06%;33;22,15%;SAND;SAND;Erik Eriksen;
Det Konservative Folkeparti;K;3;#4c962f;21-04-1953;358.509;17,31%;26;17,45%;SAND;FALSK;Ole Bjřrn Kraft;
Retsforbundet;RF;17;#b48cd2;21-04-1953;116.288;5,62%;9;6,04%;FALSK;FALSK;Oluf Pedersen;
Danmarks Kommunistiske Parti;DKP;13;#e6801a;21-04-1953;98.940;4,78%;7;4,70%;FALSK;FALSK;Aksel Larsen;
Dansk Samling;DS;23;#3fb2be;21-04-1953;16.383;0,79%;0;0,00%;FALSK;FALSK;Carl Haugsted;
Tysk mindretal;Tysk;15;#e7bf23;21-04-1953;8.438;0,41%;0;0,00%;FALSK;FALSK;Hans Schmidt;
Socialdemokratiet;S;1;#cf1b42;22-09-1953;894.913;41,31%;74;42,29%;SAND;SAND;Hans Hedtoft;
Det Radikale Venstre;RV;4;#7d329b;22-09-1953;169.295;7,81%;14;8,00%;FALSK;FALSK;Jřrgen Jřrgensen;
Venstre;V;2;#115eb0;22-09-1953;499.656;23,06%;42;24,00%;FALSK;FALSK;Erik Eriksen;
Det Konservative Folkeparti;K;3;#4c962f;22-09-1953;364.960;16,85%;30;17,14%;FALSK;FALSK;Aksel Mřller;
Retsforbundet;RF;17;#b48cd2;22-09-1953;75.449;3,48%;6;3,43%;FALSK;FALSK;Viggo Starcke;
Danmarks Kommunistiske Parti;DKP;13;#e6801a;22-09-1953;93.824;4,33%;8;4,57%;FALSK;FALSK;Aksel Larsen;
De Uafhćngige;U;24;#127b7f;22-09-1953;58.573;2,70%;0;0,00%;FALSK;FALSK;Knud Kristensen;
Tysk mindretal;Tysk;15;#e7bf23;22-09-1953;9.721;0,45%;1;0,57%;FALSK;FALSK;Hans Schmidt;
Socialdemokratiet;S;1;#cf1b42;14-05-1957;910.170;39,40%;70;40,00%;SAND;SAND;H.C. Hansen;
Det Radikale Venstre;RV;4;#7d329b;14-05-1957;179.822;7,78%;14;8,00%;SAND;FALSK;Jřrgen Jřrgensen;
Venstre;V;2;#115eb0;14-05-1957;578.932;25,06%;45;25,71%;FALSK;FALSK;Erik Eriksen;
Det Konservative Folkeparti;K;3;#4c962f;14-05-1957;383.843;16,62%;30;17,14%;FALSK;FALSK;Aksel Mřller;
Retsforbundet;RF;17;#b48cd2;14-05-1957;122.759;5,31%;9;5,14%;SAND;FALSK;Helge Madsen;
Danmarks Kommunistiske Parti;DKP;13;#e6801a;14-05-1957;72.315;3,13%;6;3,43%;FALSK;FALSK;Aksel Larsen;
De Uafhćngige;U;24;#127b7f;14-05-1957;53.061;2,30%;0;0,00%;FALSK;FALSK;Iver Poulsen;
Slesvigske Parti;SP;15;#e7bf23;14-05-1957;9.202;0,40%;1;0,57%;FALSK;FALSK;;
Uden for partierne;Uden;99;#a5a5a5;14-05-1957;71;0,00%;0;0,00%;FALSK;FALSK;;
Socialdemokratiet;S;1;#cf1b42;15-11-1960;1.023.794;42,10%;76;43,43%;SAND;SAND;Viggo Kampman;
Det Radikale Venstre;RV;4;#7d329b;15-11-1960;140.979;5,80%;11;6,29%;SAND;FALSK;Jřrgen Jřrgensen;
Venstre;V;2;#115eb0;15-11-1960;512.041;21,05%;38;21,71%;FALSK;FALSK;Erik Eriksen;
Det Konservative Folkeparti;K;3;#4c962f;15-11-1960;435.764;17,92%;32;18,29%;FALSK;FALSK;Poul Sřrensen;
Retsforbundet;RF;17;#b48cd2;15-11-1960;52.330;2,15%;0;0,00%;FALSK;FALSK;J. M. Petersen;
Danmarks Kommunistiske Parti;DKP;13;#e6801a;15-11-1960;27.298;1,12%;0;0,00%;FALSK;FALSK;Knud Hespersen;
De Uafhćngige;U;24;#127b7f;15-11-1960;81.134;3,34%;6;3,43%;FALSK;FALSK;Iver Poulsen;
Slesvigske Parti;SP;15;#e7bf23;15-11-1960;9.058;0,37%;1;0,57%;FALSK;FALSK;;
Socialistisk Folkeparti;SF;25;#e07ea8;15-11-1960;149.440;6,14%;11;6,29%;FALSK;FALSK;Aksel Larsen;
Uden for partierne;Uden;99;#a5a5a5;15-11-1960;109;0,00%;0;0,00%;FALSK;FALSK;;
Socialdemokratiet;S;1;#cf1b42;22-09-1964;1.103.667;41,94%;76;43,43%;SAND;SAND;Jens Otto Krag;
Det Radikale Venstre;RV;4;#7d329b;22-09-1964;139.702;5,31%;10;5,71%;FALSK;FALSK;Hilmar Baunsgaard;
Venstre;V;2;#115eb0;22-09-1964;547.770;20,82%;38;21,71%;FALSK;FALSK;Erik Eriksen;
Det Konservative Folkeparti;K;3;#4c962f;22-09-1964;527.798;20,06%;36;20,57%;FALSK;FALSK;Poul Sřrensen;
Retsforbundet;RF;17;#b48cd2;22-09-1964;34.258;1,30%;0;0,00%;FALSK;FALSK;;
Danmarks Kommunistiske Parti;DKP;13;#e6801a;22-09-1964;32.390;1,23%;0;0,00%;FALSK;FALSK;Knud Jespersen;
De Uafhćngige;U;24;#127b7f;22-09-1964;65.756;2,50%;5;2,86%;FALSK;FALSK;Iver Poulsen;
Slesvigske Parti;SP;15;#e7bf23;22-09-1964;9.274;0,35%;0;0,00%;FALSK;FALSK;;
Socialistisk Folkeparti;SF;25;#e07ea8;22-09-1964;151.697;5,76%;10;5,71%;FALSK;FALSK;Aksel Larsen;
Dansk Samling;DS;23;#3fb2be;22-09-1964;9.747;0,37%;0;0,00%;FALSK;FALSK;;
Fredspolitisk Folkeparti;FFP;26;#f9fcf2;22-09-1964;9.070;0,34%;0;0,00%;FALSK;FALSK;Aage Bertelsen;
Uden for partierne;Uden;99;#a5a5a5;22-09-1964;255;0,01%;0;0,00%;FALSK;FALSK;;
Socialdemokratiet;S;1;#cf1b42;22-11-1966;1.068.911;38,26%;69;39,43%;SAND;SAND;Jens Otto Krag;
Det Radikale Venstre;RV;4;#7d329b;22-11-1966;203.858;7,30%;13;7,43%;FALSK;FALSK;Hilmar Baunsgaard;
Venstre;V;2;#115eb0;22-11-1966;539.027;19,29%;35;20,00%;FALSK;FALSK;Poul Hartling;
Det Konservative Folkeparti;K;3;#4c962f;22-11-1966;522.028;18,68%;34;19,43%;FALSK;FALSK;Poul Sřrensen;
Retsforbundet;RF;17;#b48cd2;22-11-1966;19.905;0,71%;0;0,00%;FALSK;FALSK;J. M. Petersen;
Danmarks Kommunistiske Parti;DKP;13;#e6801a;22-11-1966;21.553;0,77%;0;0,00%;FALSK;FALSK;Knud Jespersen;
De Uafhćngige;U;24;#127b7f;22-11-1966;44.994;1,61%;0;0,00%;FALSK;FALSK;Iver Poulsen;
Socialistisk Folkeparti;SF;25;#e07ea8;22-11-1966;304.437;10,90%;20;11,43%;FALSK;FALSK;Aksel Larsen;
Liberalt Centrum;LC;27;#3fb2be;22-11-1966;69.180;2,48%;4;2,29%;FALSK;FALSK;Bent Novak;
Uden for partierne;Uden;99;#a5a5a5;22-11-1966;114;0,00%;0;0,00%;FALSK;FALSK;;
Socialdemokratiet;S;1;#cf1b42;23-01-1968;974.833;34,15%;62;35,43%;FALSK;FALSK;Jens Otto Krag;
Det Radikale Venstre;RV;4;#7d329b;23-01-1968;427.304;14,97%;27;15,43%;SAND;SAND;Hilmar Baunsgaard;
Venstre;V;2;#115eb0;23-01-1968;530.167;18,57%;34;19,43%;SAND;FALSK;Poul Hartling;
Det Konservative Folkeparti;K;3;#4c962f;23-01-1968;581.051;20,35%;37;21,14%;SAND;FALSK;Poul Sřrensen;
Retsforbundet;RF;17;#b48cd2;23-01-1968;21.124;0,74%;0;0,00%;FALSK;FALSK;Ib Christensen;
Danmarks Kommunistiske Parti;DKP;13;#e6801a;23-01-1968;29.706;1,04%;0;0,00%;FALSK;FALSK;Knud Jespersen;
De Uafhćngige;U;24;#127b7f;23-01-1968;14.360;0,50%;0;0,00%;FALSK;FALSK;Iver Poulsen;
Socialistisk Folkeparti;SF;25;#e07ea8;23-01-1968;174.553;6,11%;11;6,29%;FALSK;FALSK;Aksel Larsen;
Liberalt Centrum;LC;27;#3fb2be;23-01-1968;37.407;1,31%;0;0,00%;FALSK;FALSK;Bent Novak;
Slesvigske Parti;SP;15;#e7bf23;23-01-1968;6.831;0,24%;0;0,00%;FALSK;FALSK;;
Venstresocialisterne;VS;28;#ed5741;23-01-1968;57.184;2,00%;4;2,29%;FALSK;FALSK;Kollektiv ledelse;
Uden for partierne;Uden;99;#a5a5a5;23-01-1968;127;0,00%;0;0,00%;FALSK;FALSK;;
Socialdemokratiet;S;1;#cf1b42;21-09-1971;1.074.777;37,27%;70;40,00%;SAND;SAND;Jens Otto Krag;
Det Radikale Venstre;RV;4;#7d329b;21-09-1971;413.620;14,34%;27;15,43%;FALSK;FALSK;Hilmar Baunsgaard;
Venstre;V;2;#115eb0;21-09-1971;450.904;15,64%;30;17,14%;FALSK;FALSK;Poul Hartling;
Det Konservative Folkeparti;K;3;#4c962f;21-09-1971;481.335;16,69%;31;17,71%;FALSK;FALSK;Poul Mřller;
Retsforbundet;RF;17;#b48cd2;21-09-1971;50.231;1,74%;0;0,00%;FALSK;FALSK;Ib Christensen;
Danmarks Kommunistiske Parti;DKP;13;#e6801a;21-09-1971;39.564;1,37%;0;0,00%;FALSK;FALSK;Knud Jespersen;
Socialistisk Folkeparti;SF;25;#e07ea8;21-09-1971;262.756;9,11%;17;9,71%;FALSK;FALSK;Sigurd Řmann;
Slesvigske Parti;SP;15;#e7bf23;21-09-1971;6.743;0,23%;0;0,00%;FALSK;FALSK;;
Venstresocialisterne;VS;28;#ed5741;21-09-1971;45.979;1,59%;0;0,00%;FALSK;FALSK;Kollektiv ledelse;
Kristeligt Folkeparti;KF;29;#254264;21-09-1971;57.072;1,98%;0;0,00%;FALSK;FALSK;Jacob Christensen;
Uden for partierne;Uden;99;#a5a5a5;21-09-1971;919;0,03%;0;0,00%;FALSK;FALSK;;
Socialdemokratiet;S;1;#cf1b42;04-12-1973;783.145;25,65%;46;26,29%;FALSK;FALSK;Anker Jřrgensen;
Det Radikale Venstre;RV;4;#7d329b;04-12-1973;343.117;11,24%;20;11,43%;FALSK;FALSK;Hilmar Baunsgaard;
Venstre;V;2;#115eb0;04-12-1973;374.283;12,26%;22;12,57%;SAND;SAND;Poul Hartling;
Det Konservative Folkeparti;K;3;#4c962f;04-12-1973;279.391;9,15%;16;9,14%;FALSK;FALSK;Erik Ninn-Hansen;
Retsforbundet;RF;17;#b48cd2;04-12-1973;87.904;2,88%;5;2,86%;FALSK;FALSK;Ib Christensen;
Danmarks Kommunistiske Parti;DKP;13;#e6801a;04-12-1973;110.715;3,63%;6;3,43%;FALSK;FALSK;Knud Jespersen;
Socialistisk Folkeparti;SF;25;#e07ea8;04-12-1973;183.522;6,01%;11;6,29%;FALSK;FALSK;Sigurd Řmann;
Venstresocialisterne;VS;28;#ed5741;04-12-1973;44.843;1,47%;0;0,00%;FALSK;FALSK;Kollektiv ledelse;
Kristeligt Folkeparti;KF;29;#254264;04-12-1973;123.573;4,05%;7;4,00%;FALSK;FALSK;Jacob Christensen;
Fremskridtspartiet;FP;31;#ebca47;04-12-1973;485.289;15,89%;28;16,00%;FALSK;FALSK;Mogens Glistrup;
Centrum-Demokraterne;CD;30;#970647;04-12-1973;236.784;7,76%;14;8,00%;FALSK;FALSK;Erhard Jakobsen;
Uden for partierne;Uden;99;#a5a5a5;04-12-1973;637;0,02%;0;0,00%;FALSK;FALSK;;
Socialdemokratiet;S;1;#cf1b42;09-01-1975;913.155;29,94%;53;30,29%;FALSK;FALSK;Anker Jřrgensen;
Det Radikale Venstre;RV;4;#7d329b;09-01-1975;216.553;7,10%;13;7,43%;FALSK;FALSK;Svend Haugaard;
Venstre;V;2;#115eb0;09-01-1975;711.298;23,33%;42;24,00%;SAND;SAND;Poul Hartling;Allerede mĺneden efter valget, mĺtte regeringen gĺ af til fordel for en socialdemokratisk regering
Det Konservative Folkeparti;K;3;#4c962f;09-01-1975;168.164;5,51%;10;5,71%;FALSK;FALSK;Poul Schlüter;
Retsforbundet;RF;17;#b48cd2;09-01-1975;54.095;1,77%;0;0,00%;FALSK;FALSK;Ib Christensen;
Danmarks Kommunistiske Parti;DKP;13;#e6801a;09-01-1975;127.837;4,19%;7;4,00%;FALSK;FALSK;Knud Jespersen;
Socialistisk Folkeparti;SF;25;#e07ea8;09-01-1975;150.963;4,95%;9;5,14%;FALSK;FALSK;Gert Petersen;
Venstresocialisterne;VS;28;#ed5741;09-01-1975;66.316;2,17%;4;2,29%;FALSK;FALSK;Kollektiv ledelse;
Kristeligt Folkeparti;KF;29;#254264;09-01-1975;162.734;5,34%;9;5,14%;FALSK;FALSK;Jens Mřller;
Fremskridtspartiet;FP;31;#ebca47;09-01-1975;414.219;13,58%;24;13,71%;FALSK;FALSK;Mogens Glistrup;
Centrum-Demokraterne;CD;30;#970647;09-01-1975;63.579;2,08%;4;2,29%;FALSK;FALSK;Erhard Jakobsen;
Uden for partierne;Uden;99;#a5a5a5;09-01-1975;539;0,02%;0;0,00%;FALSK;FALSK;;
Socialdemokratiet;S;1;#cf1b42;15-02-1977;1.150.355;37,03%;65;37,14%;SAND;SAND;Anker Jřrgensen;Valgte ĺret efter folketingsvalget at lave en ny mindretalsregering over midten med Venstre
Det Radikale Venstre;RV;4;#7d329b;15-02-1977;113.330;3,65%;6;3,43%;FALSK;FALSK;Svend Haugaard;
Venstre;V;2;#115eb0;15-02-1977;371.728;11,97%;21;12,00%;FALSK;FALSK;Poul Hartling;
Det Konservative Folkeparti;K;3;#4c962f;15-02-1977;263.262;8,48%;15;8,57%;FALSK;FALSK;Poul Schlüter;
Retsforbundet;RF;17;#b48cd2;15-02-1977;102.149;3,29%;6;3,43%;FALSK;FALSK;Ib Christensen;
Danmarks Kommunistiske Parti;DKP;13;#e6801a;15-02-1977;114.022;3,67%;7;4,00%;FALSK;FALSK;Knud Jespersen;
Socialistisk Folkeparti;SF;25;#e07ea8;15-02-1977;120.357;3,87%;7;4,00%;FALSK;FALSK;Gert Petersen;
Venstresocialisterne;VS;28;#ed5741;15-02-1977;83.667;2,69%;5;2,86%;FALSK;FALSK;Kollektiv ledelse;
Kristeligt Folkeparti;KF;29;#254264;15-02-1977;106.082;3,42%;6;3,43%;FALSK;FALSK;Jens Mřller;
Fremskridtspartiet;FP;31;#ebca47;15-02-1977;453.792;14,61%;26;14,86%;FALSK;FALSK;Mogens Glistrup;
Centrum-Demokraterne;CD;30;#970647;15-02-1977;200.347;6,45%;11;6,29%;FALSK;FALSK;Erhard Jakobsen;
Pensionist Partiet;PP;32;#eeeeee;15-02-1977;26.889;0,87%;0;0,00%;FALSK;FALSK;Hans Hansen;
Uden for partierne;Uden;99;#a5a5a5;15-02-1977;317;0,01%;0;0,00%;FALSK;FALSK;;
Socialdemokratiet;S;1;#cf1b42;23-10-1979;1.213.456;38,27%;68;38,86%;SAND;SAND;Anker Jřrgensen;
Det Radikale Venstre;RV;4;#7d329b;23-10-1979;172.365;5,44%;10;5,71%;FALSK;FALSK;Niels Helvig Petersen;
Venstre;V;2;#115eb0;23-10-1979;396.484;12,50%;22;12,57%;FALSK;FALSK;Henning Christophersen;
Det Konservative Folkeparti;K;3;#4c962f;23-10-1979;395.653;12,48%;22;12,57%;FALSK;FALSK;Poul Schlüter;
Retsforbundet;RF;17;#b48cd2;23-10-1979;83.238;2,62%;5;2,86%;FALSK;FALSK;;
Danmarks Kommunistiske Parti;DKP;13;#e6801a;23-10-1979;58.901;1,86%;0;0,00%;FALSK;FALSK;Jřrgen Jensen;
Socialistisk Folkeparti;SF;25;#e07ea8;23-10-1979;187.284;5,91%;11;6,29%;FALSK;FALSK;Gert Petersen;
Venstresocialisterne;VS;28;#ed5741;23-10-1979;116.047;3,66%;6;3,43%;FALSK;FALSK;Kollektiv ledelse;
Kristeligt Folkeparti;KF;29;#254264;23-10-1979;82.133;2,59%;5;2,86%;FALSK;FALSK;Jens Mřller;
Fremskridtspartiet;FP;31;#ebca47;23-10-1979;349.243;11,01%;20;11,43%;FALSK;FALSK;Mogens Glistrup;
Centrum-Demokraterne;CD;30;#970647;23-10-1979;102.132;3,22%;6;3,43%;FALSK;FALSK;Erhard Jakobsen;
Kommunistisk Arbejderparti;KAP;33;#7d360c;23-10-1979;13.070;0,41%;0;0,00%;FALSK;FALSK;;
Uden for partierne;Uden;99;#a5a5a5;23-10-1979;996;0,03%;0;0,00%;FALSK;FALSK;;
Socialdemokratiet;S;1;#cf1b42;08-12-1981;1.026.726;32,87%;59;33,71%;SAND;SAND;Anker Jřrgensen;Ĺret efter valgte regeringen at trćkke sig til fordel for en borgerlig firklřverregering (K-V-CD-KF).
Det Radikale Venstre;RV;4;#7d329b;08-12-1981;160.053;5,12%;9;5,14%;FALSK;FALSK;Niels Helvig Petersen;
Venstre;V;2;#115eb0;08-12-1981;353.280;11,31%;20;11,43%;FALSK;FALSK;Henning Christophersen;
Det Konservative Folkeparti;K;3;#4c962f;08-12-1981;451.478;14,45%;26;14,86%;FALSK;FALSK;Poul Schlüter;
Retsforbundet;RF;17;#b48cd2;08-12-1981;45.174;1,45%;0;0,00%;FALSK;FALSK;;
Danmarks Kommunistiske Parti;DKP;13;#e6801a;08-12-1981;34.625;1,11%;0;0,00%;FALSK;FALSK;Jřrgen Jensen;
Socialistisk Folkeparti;SF;25;#e07ea8;08-12-1981;353.373;11,31%;21;12,00%;FALSK;FALSK;Gert Petersen;
Venstresocialisterne;VS;28;#ed5741;08-12-1981;82.711;2,65%;5;2,86%;FALSK;FALSK;Kollektiv ledelse;
Kristeligt Folkeparti;KF;29;#254264;08-12-1981;72.174;2,31%;4;2,29%;FALSK;FALSK;Christian Christensen;
Fremskridtspartiet;FP;31;#ebca47;08-12-1981;278.383;8,91%;16;9,14%;FALSK;FALSK;Mogens Glistrup;
Centrum-Demokraterne;CD;30;#970647;08-12-1981;258.522;8,28%;15;8,57%;FALSK;FALSK;Erhard Jakobsen;
Kommunistisk Arbejderparti;KAP;33;#7d360c;08-12-1981;4.223;0,14%;0;0,00%;FALSK;FALSK;;
Internationalen - Socialistisk Arbejderparti;ISA;34;#f5c6ed;08-12-1981;2.034;0,07%;0;0,00%;FALSK;FALSK;;
Uden for partierne;Uden;99;#a5a5a5;08-12-1981;807;0,03%;0;0,00%;FALSK;FALSK;;
Socialdemokratiet;S;1;#cf1b42;10-01-1984;1.062.561;32,47%;56;32,00%;FALSK;FALSK;Anker Jřrgensen;
Det Radikale Venstre;RV;4;#7d329b;10-01-1984;184.642;5,64%;10;5,71%;FALSK;FALSK;Niels Helvig Petersen;
Venstre;V;2;#115eb0;10-01-1984;405.737;12,40%;22;12,57%;SAND;FALSK;Henning Christophersen;
Det Konservative Folkeparti;K;3;#4c962f;10-01-1984;788.224;24,09%;42;24,00%;SAND;SAND;Poul Schlüter;
Retsforbundet;RF;17;#b48cd2;10-01-1984;50.381;1,54%;0;0,00%;FALSK;FALSK;;
Danmarks Kommunistiske Parti;DKP;13;#e6801a;10-01-1984;23.085;0,71%;0;0,00%;FALSK;FALSK;Jřrgen Jensen;
Socialistisk Folkeparti;SF;25;#e07ea8;10-01-1984;387.122;11,83%;21;12,00%;FALSK;FALSK;Gert Petersen;
Venstresocialisterne;VS;28;#ed5741;10-01-1984;89.356;2,73%;5;2,86%;FALSK;FALSK;Kollektiv ledelse;
Kristeligt Folkeparti;KF;29;#254264;10-01-1984;2.151;0,07%;5;2,86%;SAND;FALSK;Christian Christensen;
Fremskridtspartiet;FP;31;#ebca47;10-01-1984;120.641;3,69%;6;3,43%;FALSK;FALSK;Mogens Glistrup;
Centrum-Demokraterne;CD;30;#970647;10-01-1984;154.553;4,72%;8;4,57%;SAND;FALSK;Erhard Jakobsen;
Internationalen - Socialistisk Arbejderparti;ISA;34;#f5c6ed;10-01-1984;2.151;0,07%;0;0,00%;FALSK;FALSK;;
Marxistisk-Leninistisk Parti;MLP;35;#7d360c;10-01-1984;978;0,03%;0;0,00%;FALSK;FALSK;Klaus Riis;
Uden for partierne;Uden;99;#a5a5a5;10-01-1984;956;0,03%;0;0,00%;FALSK;FALSK;;
Socialdemokratiet;S;1;#cf1b42;08-09-1987;985.906;29,32%;54;30,86%;FALSK;FALSK;Anker Jřrgensen;
Det Radikale Venstre;RV;4;#7d329b;08-09-1987;209.086;6,22%;11;6,29%;FALSK;FALSK;Niels Helvig Petersen;
Venstre;V;2;#115eb0;08-09-1987;354.291;10,54%;19;10,86%;SAND;FALSK;Uffe Ellemann-Jensen;
Det Konservative Folkeparti;K;3;#4c962f;08-09-1987;700.886;20,84%;38;21,71%;SAND;SAND;Poul Schlüter;
Retsforbundet;RF;17;#b48cd2;08-09-1987;16.359;0,49%;0;0,00%;FALSK;FALSK;;
Danmarks Kommunistiske Parti;DKP;13;#e6801a;08-09-1987;28.974;0,86%;0;0,00%;FALSK;FALSK;Ole Sohn;
Socialistisk Folkeparti;SF;25;#e07ea8;08-09-1987;490.176;14,58%;27;15,43%;FALSK;FALSK;Gert Petersen;
Venstresocialisterne;VS;28;#ed5741;08-09-1987;46.141;1,37%;0;0,00%;FALSK;FALSK;Kollektiv ledelse;
Kristeligt Folkeparti;KF;29;#254264;08-09-1987;79.664;2,37%;4;2,29%;SAND;FALSK;Christian Christensen;
Fremskridtspartiet;FP;31;#ebca47;08-09-1987;160.461;4,77%;9;5,14%;FALSK;FALSK;Pia Kjćrsgaard;
Centrum-Demokraterne;CD;30;#970647;08-09-1987;161.070;4,79%;9;5,14%;SAND;FALSK;Erhard Jakobsen;
Internationalen - Socialistisk Arbejderparti;ISA;34;#f5c6ed;08-09-1987;1.808;0,05%;0;0,00%;FALSK;FALSK;;
Marxistisk-Leninistisk Parti;MLP;35;#7d360c;08-09-1987;987;0,03%;0;0,00%;FALSK;FALSK;Klaus Riis;
Humanistiske Parti;HUM;38;#e0b183;08-09-1987;5.675;0,17%;0;0,00%;FALSK;FALSK;;
De Grřnne;DG;37;#127b7f;08-09-1987;45.076;1,34%;0;0,00%;FALSK;FALSK;;
Fćlles Kurs;FK;36;#e37113;08-09-1987;72.631;2,16%;4;2,29%;FALSK;FALSK;Preben Mřller Hansen;
Uden for partierne;Uden;99;#a5a5a5;08-09-1987;3.366;0,10%;0;0,00%;FALSK;FALSK;;
Socialdemokratiet;S;1;#cf1b42;10-05-1988;992.682;29,82%;55;31,43%;FALSK;FALSK;Svend Auken;
Det Radikale Venstre;RV;4;#7d329b;10-05-1988;185.707;5,58%;10;5,71%;SAND;FALSK;Niels Helvig Petersen;
Venstre;V;2;#115eb0;10-05-1988;394.190;11,84%;22;12,57%;SAND;FALSK;Uffe Ellemann-Jensen;
Det Konservative Folkeparti;K;3;#4c962f;10-05-1988;642.048;19,29%;35;20,00%;SAND;SAND;Poul Schlüter;
Danmarks Kommunistiske Parti;DKP;13;#e6801a;10-05-1988;27.439;0,82%;0;0,00%;FALSK;FALSK;Ole Sohn;
Socialistisk Folkeparti;SF;25;#e07ea8;10-05-1988;433.261;13,01%;24;13,71%;FALSK;FALSK;Gert Petersen;
Venstresocialisterne;VS;28;#ed5741;10-05-1988;20.303;0,61%;0;0,00%;FALSK;FALSK;Kollektiv ledelse;
Kristeligt Folkeparti;KF;29;#254264;10-05-1988;68.047;2,04%;4;2,29%;FALSK;FALSK;Flemming Kofod-Svendsen;
Fremskridtspartiet;FP;31;#ebca47;10-05-1988;298.132;8,96%;16;9,14%;FALSK;FALSK;Pia Kjćrsgaard;
Centrum-Demokraterne;CD;30;#970647;10-05-1988;155.464;4,67%;9;5,14%;FALSK;FALSK;Erhard Jakobsen;
De Grřnne;DG;37;#127b7f;10-05-1988;44.960;1,35%;0;0,00%;FALSK;FALSK;Kollektiv ledelse;
Fćlles Kurs;FK;36;#e37113;10-05-1988;63.263;1,90%;0;0,00%;FALSK;FALSK;Preben Mřller Hansen;
Uden for partierne;Uden;99;#a5a5a5;10-05-1988;3.633;0,11%;0;0,00%;FALSK;FALSK;;
Socialdemokratiet;S;1;#cf1b42;12-12-1990;1.211.121;37,38%;69;39,43%;FALSK;FALSK;Svend Auken;
Det Radikale Venstre;RV;4;#7d329b;12-12-1990;114.888;3,55%;7;4,00%;FALSK;FALSK;Marianne Jelved;
Venstre;V;2;#115eb0;12-12-1990;511.643;15,79%;29;16,57%;SAND;FALSK;Uffe Ellemann-Jensen;
Det Konservative Folkeparti;K;3;#4c962f;12-12-1990;517.293;15,97%;30;17,14%;SAND;SAND;Poul Schlüter;
Retsforbundet;RF;17;#b48cd2;12-12-1990;17.181;0,53%;0;0,00%;FALSK;FALSK;Ib Christensen;
Enhedslisten;EL;39;#e6801a;12-12-1990;54.038;1,67%;0;0,00%;FALSK;FALSK;Kollektiv ledelse;
Socialistisk Folkeparti;SF;25;#e07ea8;12-12-1990;268.759;8,30%;15;8,57%;FALSK;FALSK;Gert Petersen;
Kristeligt Folkeparti;KF;29;#254264;12-12-1990;74.174;2,29%;4;2,29%;FALSK;FALSK;Flemming Kofod-Svendsen;
Fremskridtspartiet;FP;31;#ebca47;12-12-1990;208.484;6,44%;12;6,86%;FALSK;FALSK;Pia Kjćrsgaard;
Centrum-Demokraterne;CD;30;#970647;12-12-1990;165.556;5,11%;9;5,14%;FALSK;FALSK;Mimi Jakobsen;
Humanistiske Parti;HUM;38;#e0b183;12-12-1990;763;0,02%;0;0,00%;FALSK;FALSK;;
De Grřnne;DG;37;#127b7f;12-12-1990;27.642;0,85%;0;0,00%;FALSK;FALSK;Kollektiv ledelse;
Fćlles Kurs;FK;36;#e37113;12-12-1990;57.896;1,79%;0;0,00%;FALSK;FALSK;Preben Mřller Hansen;
Uden for partierne;Uden;99;#a5a5a5;12-12-1990;10.224;0,32%;0;0,00%;FALSK;FALSK;;
Socialdemokratiet;S;1;#cf1b42;21-09-1994;1.150.048;34,56%;62;35,43%;SAND;SAND;Poul Nyrup Rasmussen;
Det Radikale Venstre;RV;4;#7d329b;21-09-1994;152.701;4,59%;8;4,57%;SAND;FALSK;Marianne Jelved;
Venstre;V;2;#115eb0;21-09-1994;775.176;23,30%;42;24,00%;FALSK;FALSK;Uffe Ellemann-Jensen;
Det Konservative Folkeparti;K;3;#4c962f;21-09-1994;499.845;15,02%;27;15,43%;FALSK;FALSK;Hans Engell;
Enhedslisten;EL;39;#e6801a;21-09-1994;104.701;3,15%;6;3,43%;FALSK;FALSK;Kollektiv ledelse;
Socialistisk Folkeparti;SF;25;#e07ea8;21-09-1994;242.398;7,28%;13;7,43%;FALSK;FALSK;Holger K. Nielsen;
Kristeligt Folkeparti;KF;29;#254264;21-09-1994;61.507;1,85%;0;0,00%;FALSK;FALSK;Jann Sjursen;
Fremskridtspartiet;FP;31;#ebca47;21-09-1994;214.057;6,43%;11;6,29%;FALSK;FALSK;Pia Kjćrsgaard;
Centrum-Demokraterne;CD;30;#970647;21-09-1994;94.496;2,84%;5;2,86%;SAND;FALSK;Mimi Jakobsen;
Uden for partierne;Uden;99;#a5a5a5;21-09-1994;32.668;0,98%;1;0,57%;FALSK;FALSK;;
Socialdemokratiet;S;1;#cf1b42;11-03-1998;1.223.620;35,93%;63;36,00%;SAND;SAND;Poul Nyrup Rasmussen;
Det Radikale Venstre;RV;4;#7d329b;11-03-1998;131.254;3,85%;7;4,00%;SAND;FALSK;Marianne Jelved;
Venstre;V;2;#115eb0;11-03-1998;817.894;24,01%;42;24,00%;FALSK;FALSK;Uffe Ellemann-Jensen;
Det Konservative Folkeparti;K;3;#4c962f;11-03-1998;303.965;8,92%;16;9,14%;FALSK;FALSK;Per Stig Mřller;
Enhedslisten;EL;39;#e6801a;11-03-1998;91.933;2,70%;5;2,86%;FALSK;FALSK;Kollektiv ledelse;
Socialistisk Folkeparti;SF;25;#e07ea8;11-03-1998;257.406;7,56%;13;7,43%;FALSK;FALSK;Holger K. Nielsen;
Kristeligt Folkeparti;KF;29;#254264;11-03-1998;85.656;2,51%;4;2,29%;FALSK;FALSK;Jann Sjursen;
Fremskridtspartiet;FP;31;#ebca47;11-03-1998;82.437;2,42%;4;2,29%;FALSK;FALSK;Kirsten Jacobsen;
Demokratisk Fornyelse;DMF;40;#127b7f;11-03-1998;10.768;0,32%;0;0,00%;FALSK;FALSK;;
Dansk Folkeparti;DF;41;#e7bf23;11-03-1998;252.429;7,41%;13;7,43%;FALSK;FALSK;Pia Kjćrsgaard;
Centrum-Demokraterne;CD;30;#970647;11-03-1998;146.802;4,31%;8;4,57%;FALSK;FALSK;Mimi Jakobsen;
Uden for partierne;Uden;99;#a5a5a5;11-03-1998;1.833;0,05%;0;0,00%;FALSK;FALSK;;
Socialdemokratiet;S;1;#cf1b42;20-11-2001;1.003.323;29,08%;52;29,71%;FALSK;FALSK;Poul Nyrup Rasmussen;
Det Radikale Venstre;RV;4;#7d329b;20-11-2001;179.023;5,19%;9;5,14%;FALSK;FALSK;Marianne Jelved;
Venstre;V;2;#115eb0;20-11-2001;1.077.858;31,25%;56;32,00%;SAND;SAND;Anders Fogh Rasmussen;
Det Konservative Folkeparti;K;3;#4c962f;20-11-2001;312.770;9,07%;16;9,14%;SAND;FALSK;Bendt Bendtsen;
Enhedslisten;EL;39;#e6801a;20-11-2001;82.685;2,40%;4;2,29%;FALSK;FALSK;Kollektiv ledelse;
Socialistisk Folkeparti;SF;25;#e07ea8;20-11-2001;219.842;6,37%;12;6,86%;FALSK;FALSK;Holger K. Nielsen;
Kristeligt Folkeparti;KF;29;#254264;20-11-2001;78.793;2,28%;4;2,29%;FALSK;FALSK;Jann Sjursen;
Fremskridtspartiet;FP;31;#ebca47;20-11-2001;19.340;0,56%;0;0,00%;FALSK;FALSK;Mogens Glistrup;
Dansk Folkeparti;DF;41;#e7bf23;20-11-2001;413.987;12,00%;22;12,57%;FALSK;FALSK;Pia Kjćrsgaard;
Centrum-Demokraterne;CD;30;#970647;20-11-2001;61.031;1,77%;0;0,00%;FALSK;FALSK;Mimi Jakobsen;
Uden for partierne;Uden;99;#a5a5a5;20-11-2001;1.016;0,03%;0;0,00%;FALSK;FALSK;;
Socialdemokratiet;S;1;#cf1b42;08-02-2005;867.349;25,84%;47;26,86%;FALSK;FALSK;Mogens Lykketoft;
Det Radikale Venstre;RV;4;#7d329b;08-02-2005;308.212;9,18%;17;9,71%;FALSK;FALSK;Marianne Jelved;
Venstre;V;2;#115eb0;08-02-2005;974.636;29,03%;52;29,71%;SAND;SAND;Anders Fogh Rasmussen;
Det Konservative Folkeparti;K;3;#4c962f;08-02-2005;344.886;10,27%;18;10,29%;SAND;FALSK;Bendt Bendtsen;
Enhedslisten;EL;39;#e6801a;08-02-2005;114.123;3,40%;6;3,43%;FALSK;FALSK;Kollektiv ledelse;
Socialistisk Folkeparti;SF;25;#e07ea8;08-02-2005;201.047;5,99%;11;6,29%;FALSK;FALSK;Holger K. Nielsen;
Kristendemokraterne;KD;29;#254264;08-02-2005;58.071;1,73%;0;0,00%;FALSK;FALSK;Marianne Karlsmose;
Dansk Folkeparti;DF;41;#e7bf23;08-02-2005;444.947;13,25%;24;13,71%;FALSK;FALSK;Pia Kjćrsgaard;
Centrum-Demokraterne;CD;30;#970647;08-02-2005;33.880;1,01%;0;0,00%;FALSK;FALSK;Mimi Jakobsen;
Minoritetspartiet;MP;42;#346a4a;08-02-2005;8.850;0,26%;0;0,00%;FALSK;FALSK;Rune Engelbrecht;
Uden for partierne;Uden;99;#a5a5a5;08-02-2005;1.211;0,04%;0;0,00%;FALSK;FALSK;;
Socialdemokratiet;S;1;#cf1b42;13-11-2007;881.037;25,47%;45;25,71%;FALSK;FALSK;Helle Thorning-Schmidt;
Det Radikale Venstre;RV;4;#7d329b;13-11-2007;177.161;5,12%;9;5,14%;FALSK;FALSK;Margrethe Vestager;
Venstre;V;2;#115eb0;13-11-2007;908.472;26,26%;46;26,29%;SAND;SAND;Anders Fogh Rasmussen;
Det Konservative Folkeparti;K;3;#4c962f;13-11-2007;359.404;10,39%;18;10,29%;SAND;FALSK;Bendt Bendtsen;
Enhedslisten;EL;39;#e6801a;13-11-2007;74.982;2,17%;4;2,29%;FALSK;FALSK;Kollektiv ledelse;
Socialistisk Folkeparti;SF;25;#e07ea8;13-11-2007;450.975;13,04%;23;13,14%;FALSK;FALSK;Villy Sřvndal;
Kristendemokraterne;KD;29;#254264;13-11-2007;30.013;0,87%;0;0,00%;FALSK;FALSK;Bodil Kornbek;
Dansk Folkeparti;DF;41;#e7bf23;13-11-2007;479.532;13,86%;25;14,29%;FALSK;FALSK;Pia Kjćrsgaard;
Ny Alliance;NA;43;#3fb2be;13-11-2007;97.295;2,81%;5;2,86%;FALSK;FALSK;Naser Khader;
Uden for partierne;Uden;99;#a5a5a5;13-11-2007;549;0,02%;0;0,00%;FALSK;FALSK;;
Socialdemokratiet;S;1;#cf1b42;15-09-2011;879.615;24,81%;44;25,14%;SAND;SAND;Helle Thorning-Schmidt;
Det Radikale Venstre;RV;4;#7d329b;15-09-2011;336.698;9,50%;17;9,71%;SAND;FALSK;Margrethe Vestager;
Venstre;V;2;#115eb0;15-09-2011;947.725;26,73%;47;26,86%;FALSK;FALSK;Lars Lřkke Rasmussen;
Det Konservative Folkeparti;K;3;#4c962f;15-09-2011;175.047;4,94%;8;4,57%;FALSK;FALSK;Lars Barfoed;
Enhedslisten;EL;39;#e6801a;15-09-2011;236.860;6,68%;12;6,86%;FALSK;FALSK;Kollektiv ledelse;
Socialistisk Folkeparti;SF;25;#e07ea8;15-09-2011;326.192;9,20%;16;9,14%;SAND;FALSK;Villy Sřvndal;
Kristendemokraterne;KD;29;#254264;15-09-2011;28.070;0,79%;0;0,00%;FALSK;FALSK;Per Řrum Jřrgensen;
Dansk Folkeparti;DF;41;#e7bf23;15-09-2011;436.726;12,32%;22;12,57%;FALSK;FALSK;Pia Kjćrsgaard;
Liberal Alliance;LA;43;#3fb2be;15-09-2011;176.585;4,98%;9;5,14%;FALSK;FALSK;Anders Samuelsen;
Uden for partierne;Uden;99;#a5a5a5;15-09-2011;1.850;0,05%;0;0,00%;FALSK;FALSK;;
Socialdemokratiet;S;1;#cf1b42;18-06-2015;924.940;26,28%;47;26,86%;FALSK;FALSK;Helle Thorning-Schmidt;Efter valgresultatet trĺdte Thorning-Schmidt tilbage og Mette Frederiksen blev valgt til ny formand.
Det Radikale Venstre;RV;4;#7d329b;18-06-2015;161.009;4,58%;8;4,57%;FALSK;FALSK;Morten Řstergaard;
Venstre;V;2;#115eb0;18-06-2015;685.188;19,47%;34;19,43%;SAND;SAND;Lars Lřkke Rasmussen;
Det Konservative Folkeparti;K;3;#4c962f;18-06-2015;118.003;3,35%;6;3,43%;FALSK;FALSK;Sřren Pape Poulsen;
Enhedslisten;EL;39;#e6801a;18-06-2015;274.463;7,80%;14;8,00%;FALSK;FALSK;Kollektiv ledelse;
Socialistisk Folkeparti;SF;25;#e07ea8;18-06-2015;147.578;4,19%;7;4,00%;FALSK;FALSK;Pia Olsen Dyhr;
Kristendemokraterne;KD;29;#254264;18-06-2015;29.077;0,83%;0;0,00%;FALSK;FALSK;Stig Grenov;
Dansk Folkeparti;DF;41;#e7bf23;18-06-2015;741.746;21,08%;37;21,14%;FALSK;FALSK;Kristian Thulesen Dahl;
Liberal Alliance;LA;43;#3fb2be;18-06-2015;265.129;7,53%;13;7,43%;FALSK;FALSK;Anders Samuelsen;
Alternativet;ALT;44;#a2c96c;18-06-2015;168.788;4,80%;9;5,14%;FALSK;FALSK;Uffe Elbćk;
Uden for partierne;Uden;99;#a5a5a5;18-06-2015;3.066;0,09%;0;0,00%;FALSK;FALSK;;
Socialdemokratiet;S;1;#cf1b42;05-06-2019;914.882;25,90%;48;27,43%;SAND;SAND;Mette Frederiksen;
Det Radikale Venstre;RV;4;#7d329b;05-06-2019;304.714;8,63%;16;9,14%;FALSK;FALSK;Morten Řstergaard;
Venstre;V;2;#115eb0;05-06-2019;826.161;23,39%;43;24,57%;FALSK;FALSK;Lars Lřkke Rasmussen;
Det Konservative Folkeparti;K;3;#4c962f;05-06-2019;233.865;6,62%;12;6,86%;FALSK;FALSK;Sřren Pape Poulsen;
Enhedslisten;EL;39;#e6801a;05-06-2019;245.100;6,94%;13;7,43%;FALSK;FALSK;Kollektiv ledelse;
Socialistisk Folkeparti;SF;25;#e07ea8;05-06-2019;272.304;7,71%;14;8,00%;FALSK;FALSK;Pia Olsen Dyhr;
Kristendemokraterne;KD;29;#254264;05-06-2019;60.944;1,73%;0;0,00%;FALSK;FALSK;Stig Grenov;Stig Grenov tog orlov fra sin formandspost i en mĺned under valgkampen. I stedet blev Isabella Arendt konstitueret formand i perioden.
Dansk Folkeparti;DF;41;#e7bf23;05-06-2019;308.513;8,74%;16;9,14%;FALSK;FALSK;Kristian Thulesen Dahl;
Liberal Alliance;LA;43;#3fb2be;05-06-2019;82.270;2,33%;4;2,29%;FALSK;FALSK;Anders Samuelsen;
Alternativet;ALT;44;#a2c96c;05-06-2019;104.278;2,95%;5;2,86%;FALSK;FALSK;Uffe Elbćk;
Partiet Klaus Riskćr Pedersen;KRP;45;#6c8bb8;05-06-2019;29.600;0,84%;0;0,00%;FALSK;FALSK;Klaus Riskćr Pedersen;
Stram Kurs;SK;46;#000000;05-06-2019;63.114;1,79%;0;0,00%;FALSK;FALSK;Rasmus Paludan;
Nye Borgerlige;NB;47;#127b7f;05-06-2019;83.201;2,36%;4;2,29%;FALSK;FALSK;Pernille Vermund;
Uden for partierne;Uden;99;#a5a5a5;05-06-2019;2.774;0,08%;0;0,00%;FALSK;FALSK;;
Socialdemokratiet;S;1;#cf1b42;01-11-2022;971.995;27,50%;50;28,57%;SAND;SAND;Mette Frederiksen;
Det Radikale Venstre;RV;4;#7d329b;01-11-2022;133.931;3,79%;7;4,00%;FALSK;FALSK;Sofie Carsten Nielsen;Efter at de personlige stemmer blev talt pĺ, valgte Sofie Carsten Nielsen at trćde tilbage som politisk leder. Martin Lidegaard overtog herefter posten.
Venstre;V;2;#115eb0;01-11-2022;470.546;13,32%;23;13,14%;SAND;FALSK;Jakob Ellemann-Jensen;
Det Konservative Folkeparti;K;3;#4c962f;01-11-2022;194.820;5,51%;10;5,71%;FALSK;FALSK;Lars Lřkke Rasmussen;
Enhedslisten;EL;39;#e6801a;01-11-2022;181.452;5,13%;9;5,14%;FALSK;FALSK;Kollektiv ledelse;
Socialistisk Folkeparti;SF;25;#e07ea8;01-11-2022;293.186;8,30%;15;8,57%;FALSK;FALSK;Pia Olsen Dyhr;
Kristendemokraterne;KD;29;#254264;01-11-2022;18.276;0,52%;0;0,00%;FALSK;FALSK;Marianne Karlsmose;
Dansk Folkeparti;DF;41;#e7bf23;01-11-2022;93.428;2,64%;5;2,86%;FALSK;FALSK;Morten Messerschmidt;
Liberal Alliance;LA;43;#3fb2be;01-11-2022;278.656;7,89%;14;8,00%;FALSK;FALSK;Alex Vanopslagh;
Alternativet;ALT;44;#a2c96c;01-11-2022;117.567;3,33%;6;3,43%;FALSK;FALSK;Franciska Rosenkilde;
Nye Borgerlige;NB;47;#127b7f;01-11-2022;129.524;3,67%;6;3,43%;FALSK;FALSK;Pernille Vermund;
Moderaterne;M;48;#b48cd2;01-11-2022;327.699;9,27%;16;9,14%;SAND;FALSK;Lars Lřkke Rasmussen;
Danmarksdemokraterne - Inger Střjberg;DD;49;#7896d2;01-11-2022;286.796;8,12%;14;8,00%;FALSK;FALSK;Inger Střjberg;
Frie Grřnne;FG;50;#5abe82;01-11-2022;31.787;0,90%;0;0,00%;FALSK;FALSK;Sikandar Siddique;
Uden for partierne;Uden;99;#a5a5a5;01-11-2022;4.288;0,12%;0;0,00%;FALSK;FALSK;;
